unique_id,first_name,surname,dob,city,email
0,Julia ,,2015-10-29,London,hannah88@powers.com
1,Julia ,Taylor,2015-07-31,London,hannah88@powers.com
2,Julia ,Taylor,2016-01-27,London,hannah88@powers.com
3,Julia ,Taylor,2015-10-29,,hannah88opowersc@m
4,oNah,Watson,2008-03-23,Bolton,matthew78@ballard-mcdonald.net
5,Noah ,Watson,2008-03-23,Bolton,matthew78@ballard-mcdonald.net
6,Watson,Noah ,2008-03-23,,matthew78@ballard-mcdonald.net
7,Noah ,Watson,2008-02-05,tolon,matthew78@ballard-mcdonald.net
8,Watson,Noah ,2008-06-15,Bolton,matthew78@ballard-mcdonald.net
9,Noah ,Watson,2008-01-19,Bolton,
10,Watson,Noah ,2008-03-23,Bolton,matthbw78eallard-mcdonald.net
11,Watson,Noah ,2008-01-21,Bolno,matthea78@bwllar-mcdonald.net
12,Noah ,,2008-03-23,Blotn,
13,Molly ,Bell,2002-01-05,Peterborough,
14,Moly ,Bell,2002-01-05,Peterborough,lricsaunders@sievaadams.info
15,Alexander,Amelia ,1983-05-19,Glasgow,ic-mpbell@allealewis.org
16,Amelia ,Alexander,1983-05-19,Glaogw,
17,Amelia ,Alexander,1983-04-30,Glasgow,icampbeal@lllen-lews.org
18,Amelia ,Alexander,1983-05-19,Glasgow,icampbell@allen-lewis.org
19,lmeAi ,Alexander,1983-05-19,Glasgow,icampbell@allen-lewis.org
20,Ol vri,ynnollC,1972-03-08,Plymouth,derekwilliams@norris.com
21,Oliver ,Connolly,1972-03-08,Plymouth,
22,,Connolly,1972-03-08,Plyohtu,derekwilliams@norris.com
23,,Thompson,1996-03-22,Leeds,jefferyduke@brown-salazar.org
24,Thompson,Ollie ,1996-03-22,,jefferyduke@brown-salazar.org
25,,Thompson,1995-12-18,Leeds,
26,Ollie ,Thompson,1996-03-22,Leeds,jefferyduke@brown-alazar.org
27,Matilda ,Hsrir,1983-04-30,London,patrcio47@davis.cam
28,Matilda ,,1983-04-30,London,patricia47@davis.com
29,Harris,Matilda ,1983-04-30,London,patricia47@davis.com
30,Matilda ,Harris,1983-03-03,London,patricia47@davis.com
31,Harris,Matilda ,1983-05-24,London,
32,Baxter,Aria ,1992-09-07,London,christineshepherd@allen.com
33,Aria ,Baxter,1992-09-07,London,christineshepherd@allen.com
34,Baxter,Aria ,1992-09-30,London,christineshepherd@allen.com
35,Aria ,Baxter,1992-09-07,London,christineshepherd@allen.com
36,Aria ,Baxter,1992-09-07,London,christineshepherd@allen.com
37,Wilson,Charlie ,1998-09-15,London,samantha81@henry.com
38,Olivia ,Andrews,2009-01-23,,hesterkurt@taylor-fitzgerald.com
39,Olivia ,Andrews,2009-01-23,London,hesterkurt@taylor-fitzgerald.com
40,Olivia ,Andrews,2009-03-24,London,hesterkurt@taylor-fitzgerald.com
41,Olivia ,Andrews,2009-01-23,London,hesterkurt@taylor-fitzgerald.com
42,Olivia ,Andrews,2009-01-23,London,hesterkuot@taylrr-fitzgeraldcom
43,Chloe ,Macdonald,2015-02-04,,jennifer25@hill.biz
44,Millie ,Harrs,1996-07-27,London,lynn04@jones.com
45,Millie ,Harris,1996-07-27,London,lynn04@jones.com
46,Millie,Harris,1996-07-27,London,lynn04@jone.cos
47,Mliie ,Harris,1996-06-05,London,l0nny4@ones.com
48,Millie ,Harris,1996-07-27,,lynn04@jones.com
49,Theodore ,,1982-09-10,Leeds,markstewart@gross.com
50,Thedore ,Maxwell,1982-10-19,Leeds,markstewart@gross.com
51,Theodore ,Maxwell,1982-10-19,Leeds,markstewart@gross.com
52,Theodore ,Maxwell,1982-10-19,,
53,Theodore ,Maxwell,1982-10-19,Leeds,markstewart@gross.com
54,Theodore ,,1982-10-19,Leeds,markstewart@gross.com
55,,Maxwell,1982-10-19,Leeds,markstewart@gross.com
56,Thedero ,Mxwell,1983-01-18,Leeds,markstewart@gross.com
57,Theodore ,Maxwell,1982-10-19,Lees,markstewart@gross.com
58,Elijah ,,1970-06-01,Sunderland,barbaraolson@smith.com
59,Elijah ,James,1970-03-24,Sunderland,barbaraolson@smith.com
60,James,Elijah ,1970-06-30,Sunderland,barbaraolson@smith.com
61,Elijah ,saeJ,1970-06-01,Sunderland,
62,,James,1970-04-05,Sunderland,barbaraolson@smith.com
63,Maya ,Jones,2010-08-05,Sunderland,erin01@york.com
64,Jones,Maya ,2010-06-21,Sunderland,erin01@york.com
65,Maya ,Jones,2010-10-20,Sudderlnn,erin01@york.com
66,Maya ,Jones,2010-08-05,Sunderland,erino@y0rk.com
67,Maya ,Jnos,2010-07-12,Sunderland,erin01@york.com
68,Maya ,Jones,2010-10-18,Sunderland,erin01@york.com
69,Isabella ,Coepo,1987-11-18,Stockton-Tn-oee,imoore@turner-gonzalez.info
70,Isabelal,Cooper,1987-11-18,Stockton-on-Tees,imoore@turner-gonzalez.info
71,Isabella ,Cooper,1987-11-18,Stockton-on-Tees,imoore@turner-gonzalez.info
72,Isabella ,Cooper,1987-11-18,Stockton-on-Tees,imoore@turner-gonzalez.info
73,Isabella ,ropeC,1987-11-18,Stockton-on-Tees,imoore@turner-gonzalez.info
74,Cooper,Isabella ,1987-11-18,Stockton-on-Tees,imoee@turnrr-gonzalez.info
75,Isabella ,Cooper,1987-11-18,Stockton-on-Tees,imoore@turner-gnzalze.info
76,Isabella ,,1987-11-18,Stockton-on-Tees,zmoore@turner-gonzalei.inf
77,Cooper,Isabella ,1987-11-18,Stocton-ok-Tees,imoore@turner-gonzalez.info
78,Isabell ,Coopr,1987-11-18,Stockton-on-Tees,imoore@turner-gonzalez.info
79,Carr,Ethan ,2013-01-21,London,stacyball@medina.biz
80,Carr,Ethan ,2012-11-15,London,stacyball@medina.biz
81,Etnah,Carr,2013-01-21,London,stacyball@medina.biz
82,Eh na,Carr,2013-01-21,London,stacyball@medina.biz
83,Ethan ,Cra,2013-01-21,London,
84,Carr,Ethan ,2012-10-21,London,stacyball@medina.biz
85,Ethan ,,2013-01-21,oodLn,stacyball@medina.biz
86,Ethan ,Crr,2013-01-21,Londo,stacyball@medina.biz
87,Ethan ,Carr,2012-12-23,,stacyball@medina.biz
88,Eva ,Harris,1971-01-29,Birmingham,vwilson@reyes-torres.com
89,Chirla ,Taylor,2006-06-28,London,mbrooks@booker.com
90,Charlie ,Tarlo,2006-04-03,London,mbrooks@booker.com
91,Lilly ,Jones,2003-12-30,,samue91rcu@ry.info
92,Lilly ,Jones,2004-01-25,Brighton,samuel91@curry.info
93,,Jones,2003-11-25,Brighton,samuel91@curry.info
94,Jones,Lilly ,2003-11-25,Brighton,
95,Lilly ,Jones,2003-11-25,Brighton,samuel91@curry.info
96,Morris,Noah ,1983-07-20,Birmingham,
97,Noah ,Morris,1983-07-20,Birmingham,emilysmith@irwin-medina.biz
98,,Msrio,1983-07-20,Birmingham,emilysmith@irwin-medina.biz
99,Noah ,Morris,1983-07-20,Birmingham,emilysmith@irwin-medina.biz
100,Noah ,,1983-07-20,Birmingha,
101,Morris,Noah ,1983-07-20,Birmngham,
102,Noah ,Morris,1983-07-20,Birmingham,emilysmith@irwin-medina.biz
103,Morris,Noah ,1983-07-20,Birmingham,emilysmith@irwin-medina.biz
104,Noah ,Morir,1983-07-20,Birmingham,emilysmithirwni-medina.biz
105,Harry ,Tomas,2011-07-30,Belast,sandra26@anderson-davis.com
106,Thomas,Harry ,2011-07-30,Belfast,
107,Harry ,Thomas,2011-07-30,Belfts,sandra26@anderson-davis.com
108,Hary ,Thomas,2011-07-30,Belfast,sandr26@andersdn-oavis.com
109,Harry ,Thomas,2011-07-30,elfast,sandra26@anderson-davis.com
110,,Thomas,2011-09-02,Belfast,sandra26@anderson-davis.com
111,aHry ,Thomas,2011-07-30,Belfast,sandra26@anderson-davis.com
112,Hayr ,Tsomh,2011-07-30,leBast,sandra26@anderson-davis.com
113,Harry ,mhoTa,2011-07-30,Belfast,sandra26@anderson-davis.com
114,Thomas,Harry ,2011-09-18,,sandra26@and.rsondavisecom
115,,Ells,2013-01-20,Stoke-on-Trent,wmcdaniel@nelson.net
116,,,2012-12-31,Stoke-on-Trent,wmcdaniel@nelson.net
117,aDiel ,,2013-01-14,Stoke-on-Trent,wmcdaniel@nelson.net
118,Daniel ,Ellis,2013-01-14,Stoke-on-Trent,wmcdaniel@nelson.net
119,,Ellis,2013-01-14,Stoke-on-Trent,wmcdaniel@nelson.net
120,Daniel ,sliE,2013-01-14,Stoke-on-Trent,
121,Daniel,Ellis,2013-01-14,Stoke-on-Trent,wmcdaniel@nelson.net
122,Isabella ,Wallca,2000-03-24,London,hilltheresa@pearson.org
123,,Wallace,2000-02-01,London,hilltheesa@peaoson.rrg
124,Isabella ,Wallace,2000-02-01,Ldnon,hilltheresa@pearson.org
125,Wallace,Isabella ,2000-02-01,London,hillt.eres@pearsonhorg
126,Isabella ,,2000-02-01,Lndoo,hilltheresa@pearson.org
127,Isabella ,cllaWe,2000-02-01,London,hilltheresa@pearson.org
128,Edward ,wLis,2005-04-09,,whitakernichole@booth.com
129,Edward ,,2005-08-23,oLdon,whitakernichole@booth.com
130,ddwaE ,Lewis,2005-05-26,oLndo,
131,Edward ,Lewis,2005-05-26,London,whitakernichole@booth.com
132,Lewis,Edward ,2005-05-26,London,whitakernichole@booth.com
133,Harriet ,Jones,1980-06-23,London,trobinson@garza.com
134,Harrit ,Joes,1980-06-23,London,trobinson@garza.com
135,,Jones,1980-06-23,Lnoon,trobinson@garza.com
136,Jones,Harriet ,1980-06-19,London,trobinson@garza.com
137,,Jones,1980-06-23,London,trobinson@garza.com
138,Hariet ,Joes,1980-06-23,London,trobinson@garza.com
139,Harriet ,Jones,1980-06-14,London,trobinson@garza.com
140,Jones,Harriet ,1980-06-23,London,trobinson@garza.com
141,Harriet ,Jnoe,1980-03-25,London,trobinson@garza.com
142,Harry ,Taylor,2017-11-24,London,coltonray@lee.com
143,Taylor,Harry ,2017-11-24,London,coltonray@lee.com
144,Taylor,Harry ,2017-11-24,London,coltonray@lee.com
145,yarH ,,2017-11-24,London,coltonray@lee.com
146,Hayr ,Tarlo,2017-10-24,London,coltonray@lee.com
147,Harry ,Taylr,2017-11-24,noLdo,coltonray@lee.com
148,Harry ,Taylor,2017-09-01,London,coltonray@lee.com
149,aHry ,Hill,2017-12-05,Sheffield,zporter@robinson.com
150,Harry ,Hill,2017-09-21,Sheffield,zporter@robinson.com
151,Harry ,llH,2017-10-20,Sheffield,zportsr@robineo.com
152,Harry ,Hill,2017-10-23,Sheffield,zporter@robinson.com
153,Harry ,Hil,2017-10-23,,zporter@robinson.com
154,Harry ,Hill,2017-10-23,,zporter@robinson.com
155,Hill,Harry ,2017-10-23,Sheffield,zorter@robpnson.com
156,Enht ,Brow,2010-12-22,Manchester,petersbrandon@cox.com
157,Ethan ,Brown,2010-12-22,Manchester,petersbrandon@cox.com
158,Ethan ,Brown,2010-12-22,Manchester,petersbrandon@cox.com
159,Brown,Ethan ,2010-12-22,Manchester,petersbrandon@cox.com
160,Brown,Ethan ,2010-12-22,tanchesMe,petersbrandon@cox.com
161,Ethan ,Brown,2010-12-22,Manchester,petersbrandon@cox.com
162,,Brown,2010-12-22,Manchster,petersbrandon@cox.com
163,Ethan ,Brown,2010-12-22,Manchester,petersbrandon@cox.com
164,Nathan ,Mcdonald,1996-09-09,London,barbara84@robbins.biz
165,Nathan ,Mcdonald,1996-09-09,London,barbara84@robbins.biz
166,,Mcdonald,1996-09-09,London,barbara84@robbins.biz
167,Nathan ,Mcdonald,1996-09-09,Lndon,barbara84@robbins.biz
168,Ntaan ,Mcdonald,1996-09-09,London,
169,Nathan ,lconaMd,1996-09-09,London,birara84@robbins.baz
170,Nthaa ,Mcdonald,1996-09-09,Londo,barbara84@robbins.biz
171,,Mcdonald,1996-09-09,,barbara84@robbins.biz
172,Clara ,Bolton,2013-06-11,London,judy30@smith.biz
173,Clara ,Bolon,2013-07-11,,judy30@smith.biz
174,Clara ,Bolton,2013-06-26,London,judy30@smith.biz
175,Clara ,Bolton,2013-09-26,London,juym0@s3ith.biz
176,,,1983-11-16,Leeds,
177,Elliot ,,1983-08-28,Leeds,
178,oliEt ,,1983-11-16,,phumphrey@hanson-johnson.net
179,Elliot ,Jones,1983-11-16,Leeds,phumphrey@htnson-johnson.na
180,Ellit ,Jones,1983-11-16,,phumphrey@hanson-johnson.net
181,Jones,Elliot ,1983-11-16,Leeds,phumphrey@han-onsjohnsn.net
182,illEo ,Jones,1983-11-16,Leeds,phumphrey@hanson-johnson.net
183,,Jones,1983-11-16,Lede,phumphrey@hanson-ohnson.net
184,Elliot ,Jones,1983-12-29,Leeds,phumphrey@hanson-johnson.net
185,Gray,Jessica ,1971-08-18,,scottcervantes@johnson-rich.com
186,Jessica ,Gray,1971-08-18,London,scottcervantes@johnson-rich.com
187,Jessica ,Gar,1971-08-18,,tcostcervantes@johnsonrich.com
188,Eva ,leB,2001-08-09,,shepcerdtara@fores.hom
189,Eva ,Bell,2001-08-11,London,shepherdara@flores.com
190,Eva ,Bell,2001-08-11,,
191,,Bell,2001-08-11,,shepherdtara@flores.com
192,Eva ,Bell,2001-08-11,Lodon,shepherdtara@flores.com
193,Eva ,Bell,2001-11-08,oondn,shepherdtara@flores.com
194, acob,,1987-02-06,Southend-on-Sea,barrygary@flores.com
195,Jacob ,Eans,1987-02-06,Southend-on-Sea,
196,Jacob ,Evans,1987-02-06,Southen-donSea,barrygary@flores.com
197,J obc,Evans,1987-02-06,Southend-on-Sea,barrygary@flores.com
198,Jacob ,Evans,1987-02-06,Southend-on-Sea,barrygary@flores.com
199,,Evans,1987-02-06,Southend-on-Sea,
200,Evans,Jacob ,1987-02-06,Southend-on-Sea,barrygary@flores.com
201,Evans,Jacob ,1987-02-06,Souhend-oS-nea,barrygary@flores.com
202,Jacob ,Evans,1987-02-06,Southend-on-Sea,baorygary@flores.cm
203,Jacob ,Evans,1987-02-06,Southend-on-Sea,barrygary@flores.com
204,J cob,Thomas,2007-05-28,Sudlreand,hknapp@davis-allen.info
205,bacJ ,Thomas,2007-05-28,Sunderland,hknapp@davis-allen.info
206,Thomas,Jacob ,2007-07-06,Sunderland,hknapp@davis-allen.info
207,Jacob ,Thomas,2007-05-28,,hknapp@davis-allen.info
208,Jacob ,Thomas,2007-05-28,Sunderland,hknapp@davis-allen.info
209,Thompson,Freddie ,1999-07-23,Peterborough,scottsalinas@hughes-lopez.com
210,Freddie ,Thompson,1999-07-23,Peterborough,scottsalinah@ughes-lopez.com
211,Freddie ,Thompson,1999-07-23,,scottsalinas@hughes-lopez.com
212,Freddie ,Thompson,1999-07-23,Peterborough,scottsalinas@hughes-lopez.com
213,,Fisher,2002-10-07,Derby,ke@in40vharrell.ne
214,Oscar ,Fiher,2002-10-23,Derby,kevin40@harrell.net
215,Oscar ,Fisher,2002-10-07,,kevin40@harrell.net
216, sarO,Fisher,2002-10-07,Derby,kevin40@harrell.net
217,Oscar ,Fisher,2002-10-07,Derby,kevin40@harrell.net
218,,Fisher,2002-10-07,Derby,
219,Esme ,Davies,2011-07-19,Bristol,gordonlaurie@harvey.biz
220,Amber ,Smith,2003-05-12,,barrerakevin@sherman.org
221,Amber ,Smith,2003-05-12,Sunderland,barrerakevin@sherman.org
222,,Smith,2003-05-12,Sunderland,barrerakevin@sherman.org
223,Amber ,tmih,2003-06-15,Sunderland,barrerakevin@sherman.org
224,Amber ,Smith,2003-05-12,Sunderland,barrerakevin@sherman.org
225,Amber ,Shtm,2003-05-12,Sunderland,barrerakevin@sherman.org
226,Amber ,,2003-07-06,Sunderland,barreroevin@sherman.arg
227,Smith,Amber ,2003-05-06,Sunderland,
228,Smith,Amber ,2003-02-17,rndeSland,barrerakevih@sneran.org
229,Charlotte ,,1995-06-15,Sunderland,toddsean@wilkins-burton.biz
230,Charlotte ,Cooper,1995-07-11,Sunderland,toddseon@wilkins-buran.biz
231,Chlraotte,Cooper,1995-07-11,Sunderland,toddsean@wilkins-burton.biz
232,Charlotte ,Cooper,1995-07-11,Sunderland,toddsean@wilkins-burton.biz
233,Charlotte ,Cooper,1995-07-11,Sunderland,
234,Charlote ,Cooper,1995-07-11,Sunderland,toddsean@wilkins-burton.biz
235,Chaloett ,Cooper,1995-07-11,Sunderland,toddsean@wilkins-burton.biz
236,Charlotte ,Coper,1995-06-17,Sunderland,toddsean@wilkins-burton.biz
237,,Turner,1990-03-21,London,onorman@walker.info
238,Ryan ,,1990-03-21,London,onorman@walker.info
239,Ryan ,Turner,1990-03-21,London,onorman@walker.info
240,Turner,Ryan ,1990-06-04,London,onorman@walker.info
241,Ryan ,runer,1990-03-21,London,onorman@walker.info
242,Ryan ,Turner,1990-03-21,London,onorman@walker.info
243,iredFe ,Bartlett,1979-02-19,London,virginia80@henson.info
244,Joshua ,Harrison,2015-09-06,Sounhetd-onSea,zacharymays@hill.com
245,Joshua ,Harrison,2015-09-06,Southend-on-Sea,zacharymays@hill.com
246,Harrison,Joshua ,2015-07-31,Southend-on-Sea,
247,Joshua ,Harrison,2015-09-06,Southend-on-Sea,zacharymays@hill.com
248,Joshua ,Harrison,2015-09-06,,zacharymays@hill.com
249,Joshua ,Harrison,2015-09-06,Souohnd-tn-Sea,zacharymays@hill.com
250,Harrison,Joshua ,2015-09-06,Southend-on-Sea,zacharymays@hill.com
251,Joshua ,Harrison,2015-12-11,Southend-on-Sea,zacharyoays@hill.cm
252,Mohammed ,Owen,2018-01-14,Cardiff,
253,Moahmed ,wOe,2018-01-14,Cardiff,gkennedy@vincent.com
254,Mohammed ,Owen,2018-01-14,,gkennedy@vincent.com
255,Mohammed ,Owen,2018-03-26,Cafifr,gkennedy@vincent.com
256,Mohammed ,Owen,2018-01-14,Cardiff,gkennedy@vincent.com
257,Mohammed ,Oew,2018-01-14,Cardiff,gkennedy@vincent.com
258,Mohammed ,Owen,2018-01-14,Cardiff,gkennedy@vincent.com
259,Mohammed ,Owen,2018-01-14,Cardiff,gkennedy@vincent.com
260,Owen,Mohammed ,2018-01-17,Cardiff,gkennedy@vincent.com
261,Florence ,Morris,1993-01-29,Southampton,paul49@allen.biz
262,Florence ,Morris,1993-01-29,Southampton,paul49@allen.biz
263,Flcrnoe ,Morris,1993-01-29,,paul49@allen.biz
264,,Morris,1993-03-31,Southampton,paul49@allen.biz
265,Morris,Florence ,1993-04-28,Southapmtn,paul49@allen.biz
266,Robertson,Charlie ,2016-09-26,,gomezjohn@brooks.com
267,Robertson,Charlie ,2016-11-08,Sheffield,gomezjohn@brooks.com
268,Robertson,Charlie ,2016-11-08,Shefidle,gomezjohn@brooks.com
269,Robertson,Charlie ,2016-11-08,Sheffield,goezjohn@brooks.com
270,Charlie ,Robertson,2016-11-08,Sheffield,gomezmoh@brooks.coj
271,Charlie ,Robertson,2016-11-08,Sheffield,
272,Charlie ,Robertson,2016-11-08,Sheffield,gomezjohn@brooks.com
273,,Robertson,2016-11-08,,gomezjohn@brooks.com
274,Robertson,Charlie ,2016-11-08,Sheffield,gomezjohn@brooks.com
275,Lil ,kacJon,2000-07-30,Mansfied,lewischristopher@alack-thombs.et
276,Lily ,Jackson,2000-10-08,Mansfield,
277,Jackson,Lily ,2000-07-30,Mansfield,lewischristopher@black-thomas.net
278,Lily ,Jackson,2000-07-30,Mlnsfied,lewischristophr@black-thomas.net
279,Jackson,Sara ,1999-11-04,Liverpool,kimashley@nguyen.info
280,Sara ,,1999-09-18,Liverpool,kimashley@nguyen.info
281,Jackson,Sara ,1999-09-18,Liverpool,kimashley@nguyen.info
282,aSa ,Jkcaso,1999-09-18,Liveprol,
283,Jackson,Sara ,1999-09-18,Liverpool,kimashley@nguyen.info
284,Sara ,Jackson,1999-09-18,Liverpool,kimashley@nguyen.info
285,Jackson,Sara ,1999-12-18,Liverpool,kimashley@nguyen.info
286,Sara ,nacsoJ,1999-09-18,,kimashley@nguyen.info
287,Jackson,Sara ,1999-09-18,Liverpool,kimashley@nguyen.info
288,Sara ,Joksan,1999-09-18,Liverpool,kimaslen@yguyen.info
289,Arol,Morgan,2015-05-15,Aberdeen,charles81@nelson.biz
290,Arlo ,,2015-06-05,Aberdeen,charles81@nelson.biz
291,Arlo ,Morgan,2015-05-15,Aberdeen,charles81@elion.bsz
292,Alr ,Morgan,2015-05-15,Aberdeen,charles81@nelson.biz
293,Arlo ,Mogar,2015-04-12,bAedeen,charles81@nelson.biz
294,Arlo ,Morgan,2015-05-20,Adereen,charles81@nelson.biz
295,Arl ,,2015-05-15,Aberdeen,charles81@nelson.biz
296,Jasper ,,1981-07-25,London,martinsusan@woods.com
297,Jasper ,,1981-07-25,London,martinsusan@woods.com
298,Ja prs,,1981-07-25,London,sartinsusan@wodm.com
299,Jasper ,Sharp,1981-07-25,London,martinsusan@woods.com
300,Jasper ,Sharp,1981-07-25,,martinsusan@woods.com
301,Isabelle ,orBw,1979-01-22,Stoke-on-Trent,joshphwatson@smite.co
302,Isabelle ,Brown,1979-01-22,,josepwatson@smith.com
303,Isabelle ,Brown,1979-01-22,Stoke-on-Trent,josephwatson@smith.com
304,Isabelle ,Brown,1979-01-22,Stoke-on-Trent,josephwatson@smith.com
305,Ieabell ,Brown,1979-01-22,Stoke-on-Trent,josephwatson@smith.com
306,Isabelle ,Born,1979-01-22,Stte-on-Trenk,josephwatson@smith.com
307,Ilabsle ,Brown,1979-01-22,Stoke-on-Trent,josephwatson@smith.com
308,Isabelle ,Brown,1979-01-22,Stoke-on-Trent,josephwatson@smith.com
309,Isablle ,Brown,1979-01-22,Ttke-on-Srent,josephwatson@smith.com
310,Isabelle ,Brown,1979-01-22,Stoke-on-Trent,josephwatson@smith.com
311,Harrison ,obsGn,2005-04-24,Lnodn,elizabeth81@smith.com
312,,Gibson,2005-04-24,,elizabeth81@smith.com
313,Harrison ,,2005-02-03,London,elizabeth81@smith.com
314,Gibson,Harrison ,2005-04-24,London,elizabeth81@smith.com
315,,Lee,2000-07-29,London,zlynch@miller.com
316,Emily ,Brooks,1974-03-21,,millssamuel@alvarez-henry.com
317,Emily ,Brooks,1974-02-11,,millssamuel@alvarez-henry.com
318,Emily ,ooBks,1974-02-11,mrminghaB,millssamuel@alvarez-henry.com
319,Emily ,Brooks,1973-11-19,Birminmag,milssamuel@al-arezvhenry.com
320,Emily ,Brooks,1974-02-11,Birmingham,millssamuel@alvarez-henry.com
321,Emily ,Brooks,1974-02-11,irmBngham,millsamoel@alvarez-henry.cum
322,Brooks,Emily ,1974-02-11,Birmingham,millssamuel@alvarez-henry.com
323,Emily ,Brooks,1974-02-11,iBrmingam,millssamuel@alvarez-henry.com
324,Emily ,Brooks,1974-02-11,Birmingham,millssamuel@alvarez-henry.com
325,Emily ,Borks,1974-02-11,,millsmamuel@alvarez-henr.cos
326,,Smith,1991-02-26,Southampton,lisaharmon@montgomery.com
327,Eli a,Smth,1991-02-26,Southampton,
328,Smith,Eliza ,1990-12-16,,lisaharmon@montgomery.com
329,Eliza ,Smith,1991-02-26,Sumhatpton,
330,ilEz ,hitS,1991-02-26,Southampton,lisaharmon@montgomery.com
331,Daniel ,Griffiths,2013-06-21,,karen05@morrow.com
332,Gabriel ,,1977-12-21,Leds,rachelschtitm@geore-walker.com
333,Gabriel ,Potter,1977-12-21,Leeds,rachelschmitt@george-walker.com
334,Gabriel ,Potter,1977-12-21,Leeds,rachelschmitt@george-walker.com
335,Gabriel ,Potter,1977-12-21,Leed,
336,Gabriel ,Potter,1977-12-21,Leeds,rache@schmittlgeorge-walker.co
337,Potter,Gabriel ,1977-12-21,Leeds,rachelschmitt@george-walker.com
338,Spencer,Lucas ,2007-10-26,Swansea,
339,Lucas ,Spencer,2007-10-26,ewnsSa,taylor24@maldonado.info
340,,Spencer,2007-09-08,Swansea,
341,rFddie ,Lane,2016-02-18,London,duanejames@reyes.net
342,Freddie ,,2016-02-18,London,duanejames@reyes.net
343,,,2016-02-18,London,duanejames@reyes.net
344,,Lane,2016-02-18,London,duanejames@reyes.net
345,Feddir ,Lane,2016-02-18,,duanejames@reyes.net
346,,Lna,2016-02-18,,duanejames@reyes.net
347,Lane,Freddie ,2016-02-18,London,duanejames@reyes.net
348,Freya ,sgheH,2018-04-28,nodoL,
349,yeFa ,Hughes,2018-04-28,London,
350,Freya ,Hughes,2018-04-28,London,allison88@urley-norrrs.oig
351,Hughes,Freya ,2018-04-28,London,
352,Wallace,George ,2018-10-31,StkeTon--rent,jonathan74@glover.com
353,Wallace,George ,2018-10-31,StoTe-n-krent,jonathan74@glover.com
354,,lalWac,2018-11-06,Stoke-on-Trent,jonathn74@gloverc.om
355,George ,Wallace,2018-10-31,Stoke-on-Trent,jonathan74@glover.com
356,Wallace,George ,2018-10-31,Stoke-on-Trent,jonathan74@glover.com
357,George ,,2018-09-08,Stoke-nn-Teot,jonathan74@glover.com
358,Wallace,George ,2018-10-31,Stoke-on-Trent,jonathan74@glover.com
359,George ,Wallace,2018-10-31,Stoke-on-Trent,jonathan74@glover.com
360,,,2018-10-30,Stoke-on-Trent,jonathan74@glover.com
361,eeorG ,Wellaa,2018-10-31,Stoke-on-Trent,jonathan74@glover.com
362,,Taylor,1989-07-25,London,wagnershane@landry.com
363,Nancy ,Taylor,1989-07-25,London,wagnershane@landry.com
364,Nancy ,Taylor,1989-07-25,London,wagnershane@landry.com
365,Nancy ,Taylor,1989-08-19,London,wagnershane@landry.com
366,Taylor,Nancy ,1989-07-25,London,wagnershane@landry.com
367,Nacy ,Taylor,1989-07-25,London,wagnershane@landry.com
368,Lewis,Freddie ,1971-12-19,Southend-on-Sea,tyler28@weaver-alvarez.com
369,Lewis,Freddie ,1971-09-14,Southend-on-Sea,tyler28@weaver-alvarez.com
370,Freddi ,Lewis,1971-12-19,Southend-on-Sea,tyler28@wecveralvarez.aom
371,,Lewis,1971-12-19,Southend-on-Sea,tyler28@weaver-alvarez.com
372,Adam ,Berry,1986-02-08,London,walterdunn@pham-hill.com
373,Berry,Adam ,1986-02-08,Loonn,
374,Adam ,Berry,1986-02-08,,walterdunn@pham-hill.com
375,Adam ,Berr,1986-02-08,London,walterdunn@pham-hill.com
376,Aad ,Berry,1986-02-08,London,walterdunn@pham-hill.com
377,Berry,Adam ,1985-12-04,London,walterdunn@pham-hill.com
378,Aam ,Brre,1986-04-22,nodon,
379,Adam ,Berry,1986-04-25,Londn,walterdunn@pham-hill.com
380,A ma,Bery,1986-02-08,London,walterpunn@dham-hil.com
381,Berry,Adam ,1986-02-08,nondo,walterdunn@pham-hill.com
382,,Lewis,2017-02-05,Raeing,james08@hernandez.info
383,Abigail ,Lewis,2017-02-05,,jomes08@hernandz.infa
384,Lewis,Abigail ,2017-02-05,Reading,
385,Lewis,Abigail ,2017-02-05,Reidag,james08@hernandez.info
386,Abigail ,,2017-02-05,Reading,james08@hernandez.info
387, bigail,Lewis,2017-02-05,eRadig,james08@hernandez.info
388,,Roberts,2003-12-16,London,ryannoble@bryant.info
389,Roberts,Jacob ,2004-03-24,London,ryannoble@bryant.info
390,Roberts,Jacob ,2004-04-02,London,ryannoble@bryant.info
391,Roberts,Jacob ,2004-01-27,London,ryannoble@bryant.info
392,Roberts,Jacob ,2003-10-31,London,ryannoble@bryant.info
393,Jacob ,Roberts,2004-01-27,London,ryannnble@bryat.info
394,,Davis,2001-07-13,Ipswich,jose33@trujillo.net
395,,Davis,2001-07-13,Ipswich,jose33@trujillo.net
396,,Davis,2001-07-13,Ipswich,jose33@trujillo.net
397,Tylr ,Davis,2001-07-13,Ipswich,jose33@trujillo.net
398,Tyler ,Davis,2001-07-13,Ipsiwh,jose33@trujillo.net
399,lyer ,,2001-07-13,,jose33@trujillo.net
400,Tyler ,Davis,2001-08-23,Ipswich,jose33@trujillo.net
401,Tyler ,Dasi,2001-07-13,Ipswich,jos33@trujillo.net
402,Tyler ,Davis,2001-07-13,Iwspih,jose33@trujillo.net
403,Tyler ,,2001-07-13,,
404,Archie ,George,1976-04-07,London,warrenanna@stuart-brooks.biz
405,Achi e,George,1976-07-16,London,warrenanna@stuart-brooks.biz
406,Arc ei,George,1976-06-13,London,warrenanna@stuart-brooks.biz
407,Archie ,Ggore,1976-07-16,Lodon,warrenanna@stuart-brooks.biz
408,Phillips,Alex ,1991-04-05,Glasog,xsmith@cooper-garcia.com
409,Alex ,Phillips,1991-04-05,Glasgow,xsmith@cooper-garcia.com
410,Alex ,ihilPps,1991-04-05,Glasgow,xsmith@cooper-garcia.com
411,Alex ,Phillips,1991-04-05,,xsmith@cooper-garcia.com
412,Aex ,Phillips,1991-04-05,Glasgow,xsmith@cooper-garcia.com
413,Mia ,Cooke,2013-12-31,London,courtneywilson@smith.com
414,Mia ,Cooke,2013-12-31,nondL,courtneywilson@smith.com
415,Mia ,Cooke,2013-11-20,oLndn,courtneywilson@smith.com
416,Cooke,Mia ,2013-12-31,London,courtneywilson@smith.com
417,,ooke,2013-12-31,,courtneywilson@smith.com
418,Mia ,Cooke,2013-12-31,London,courtneywilson@smith.com
419,Emily ,Brown,2005-07-15,Lndon,sarahbrown@mckinney.com
420,Brown,Emily ,2005-07-15,London,sarahbrown@mckinney.com
421,Eimy ,Brown,2005-05-02,London,sarahbrown@mckinney.com
422,Brown,Emily ,2005-07-15,London,sarahnron@mckinbey.com
423,,Brown,2005-07-15,London,sarahbron@mckinney.com
424,,Brown,2005-07-15,London,sarahbroon@mckinneycwm
425,,Brown,2005-10-06,London,sarahbrown@mckinney.com
426,,Brown,2005-07-15,London,sbraharown@ckinney.com
427,Emily ,Brwn,2005-07-15,London,sarahbrown@mckinney.com
428,Oliver ,Thompson,2012-02-04,,amandn06@suttoa.cm
429,Thompson,Oliver ,2012-02-04,Leicester,amanda06@sutton.com
430,Oliver ,Thompson,2012-02-04,Leicester,amanda06@sutton.com
431,Lucy ,Stone,2011-11-26,Middbeslough,ppruitt@kirby.org
432,Lucy ,Stone,2011-11-26,Middlesbrough,
433,L yu,Stone,2012-02-15,Middlesbrough,ppruitt@kirby.org
434,Stone,Lucy ,2011-11-26,Middlesbrough,ppruitt@kirby.org
435,,Stone,2011-11-26,,ppruitt@kirby.org
436,Stone,Lucy ,2011-11-26,Middlesbrough,
437,,Johnson,1993-01-31,Middlesrough,maureenwagnr@baroett.cnm
438,Mohammad ,Williams,1997-07-18,Swansea,sholland@burke.net
439,Mohammad ,,1997-06-23,Swansea,shollnd@b.rkeunet
440,Richards,Charlie ,1991-03-13,Northampton,jacobstafford@hamilton.com
441,Charlie ,hiRards,1990-12-14,Northampton,jacnbstafford@hamiltoocom
442,Richards,Charlie ,1990-12-14,,jacobstafford@hamilton.com
443,Charlie ,Richards,1990-12-14,Nrthanptom,jcobstafford@hmailton.com
444,Charlie ,,1990-12-14,Northampton,
445,Chalie ,Richards,1990-12-14,Northampton,
446,Charlie ,Richards,1990-12-14,,jacobstafford@hamilton.com
447,Charlie ,Ridharc,1990-12-29,Northampton,jacobstafford@hamilton.com
448,Charlie ,Richards,1990-12-14,Northampton,jachbstafford@oamiltoncom
449,Ivy ,Cunningham,1990-11-20,Nwrich,
450,Cunningham,Ivy ,1990-11-27,Norwih,alyssa01@torres.com
451,Ivy ,Cunninmha,1990-11-02,Norwich,alyssa01@torres.com
452,Cunningham,Ivy ,1990-11-27,Norwich,alyssa01@torres.com
453,Alfie ,Catre,1997-02-09,London,jcnnifermarshall@browning.eo
454,Alfi ,Carter,1997-03-13,London,jennifermarshall@browning.com
455,,Crtre,1997-03-13,doLon,
456,Alfie ,,1997-03-13,London,jennifermarshall@browning.com
457,,Carter,1997-03-13,London,jennifermarshall@browning.com
458,Carter,Alfie ,1997-03-13,London,jennifermarshall@browning.com
459,Alfie ,Carer,1997-03-13,London,jennifermarshall@browning.com
460,Carter,Alfie ,1997-06-06,London,jennifermarshall@browning.com
461,Alfie ,Carter,1997-06-09,London,jennifermarshall@browning.com
462,Carter,Alfie ,1997-03-13,nonoL,jennifermarshal@brownilg.com
463,Isaac ,Taylor,2008-09-09,Swndon,xday@higgins-lewis.com
464,Isaa ,,2008-09-09,Swindon,xiay@higgdn-lewis.com
465,Isaac ,Taylor,2008-07-01,Swindon,xday@higgins-lewis.com
466,,Taylor,2008-08-22,Swindon,xd-y@higginsalwis.com
467,Gegre ,Kennedy,1984-07-05,London,jonesjustin@myers.com
468,George ,,1984-07-05,London,jonesjustin@myers.com
469,Hn yr,,2012-11-30,Newcastle-upon-Tyne,laura12@nelson.com
470,Ali,Henry ,2012-11-30,Newcastle-upon-Tyne,l2ura1a@nelon.com
471,Henry ,Ali,2012-11-30,Newcotle-upsn-Tyne,
472,,Ali,2012-11-30,,
473,Henry ,Ali,2012-11-30,Newcastle-upon-Tyne,
474,Henry ,Ali,2013-02-12,Newcaetle-upo-Tyns,laura1o@nelon.c2m
475,Henry ,Ali,2012-11-30,Newctsale-pon-Tyne,laura12@nelson.com
476,Campbell,Mia ,2005-02-12,,stevenanderson@pierce.com
477,Campbell,Mia ,2004-11-13,gdinburh,stevenanderson@pierce.com
478,Mia ,Campbell,2004-11-13,Edinburgh,stevenanderson@pierce.com
479,Jack ,Adams,1976-08-27,Leicester,becky18@roberts-frazier.info
480,,,1976-11-17,Leicester,becky18@roberts-frazier.info
481,Jack ,Adams,1976-08-27,reiesteL,b1cky8@roberts-frazier.info
482,,Aams,1976-08-27,Leicester,
483, acJ,Adams,1976-11-04,Leicester,becky18@roberts-frazier.info
484,Adams,Jack ,1976-08-27,Leicester,becky18@roberts-frazier.info
485,Jack ,samA,1976-08-27,Lecestre,
486,Adams,Jack ,1976-08-27,Leicester,becky18@roberts-frazier.info
487,,Adams,1976-08-27,Leicester,becky18@roberts-frazier.info
488,Cross,Thomas ,1992-10-16,London,orusso@hanmck.com
489,Thomas ,Cross,1992-10-16,London,mrusso@hancock.com
490,Cross,Thomas ,1992-10-16,London,mrusso@hancock.com
491,Thomas ,Cross,1992-10-16,Loonn,mrusso@hancock.com
492,Thomas ,Cross,1992-10-16,London,mrusso@hancock.com
493,Thomas ,Cross,1992-10-16,London,mrusso@hancock.com
494,Arlo ,Porter,1982-01-27,London,debla30@ner.com
495,,nrGt,1991-06-27,Ipswich,margaret50@garrett.com
496,Oscar ,Grant,1991-04-11,Iwspch,margaret50@garrett.com
497,Grant,Oscar ,1991-04-11,,margaret50@garrett.com
498,,Grant,1991-04-11,Iiwsch,
499,Osc a,Grant,1991-04-11,Ipswich,margaret50@garrett.com
500,Scar ett,Parsons,1985-10-02,London,shirleybaker@smith-hall.biz
501,Scarlett ,Psrson,1985-11-21,,
502,Scarlett ,Parsons,1985-11-21,London,shirleybaker@smith-hall.biz
503,Scarlett ,Parsons,1985-11-21,,
504,Scarlett ,Psrons,1985-08-30,Lndon,shirleybaker@smith-hall.biz
505,Scalettr,Parsons,1985-11-21,London,shirleybaker@smith-hall.biz
506,Scarlett ,Parsons,1985-11-21,,shireybakerlsmith-hall.biz
507,ecalStt ,Parsons,1985-11-21,London,shirleybaker@smith-hall.biz
508,Alfie ,,2005-06-20,London,michellejackson@smith-trujillo.com
509,Alfie ,Tyolr,2005-06-20,London,
510,Alfie ,Taylor,2005-06-20,London,michellejackson@smith-trujillo.com
511,,Taylor,2005-06-01,London,michellejackson@smith-trujillo.com
512,Alfie ,Taylor,2005-07-14,London,
513,Alfie ,Taylor,2005-06-20,London,michellejackson@smith-trujillo.com
514,,Taylor,2005-06-20,London,michellejackson@smith-trujillo.com
515,Alfie ,Taylor,2005-06-20,,michellejackson@smith-trujillo.com
516,Ali e,Taylor,2005-06-20,London,michellejackson@smith-trujillo.com
517,Brown,Martha ,2002-09-01,Southend-on-Sea,watsonthomas@jones-stuart.biz
518,Martha ,Brown,2002-05-28,Southend-on-Sea,
519,Martha ,Brown,2002-09-01,Southend-on-Sea,watsonthomas@jones-stuart.biz
520,Brown,Martha ,2002-09-05,Southend-on-Sea,watsonthomas@jones-stuart.biz
521,Martha ,Brown,2002-09-01,Southend-on-Sea,watsonthomas@onesistuart.b-z
522,Mrt ah,Brown,2002-09-01,Southend-on-Sea,watsonth@masojones-stuart.iz
523,Brown,Martha ,2002-09-01,Southend-on-Sea,watsonthomas@jones-stuart.biz
524,Martha ,Brown,2002-10-06,Southend-on-Sea,watsonthomas@jones-stuart.biz
525,Martha ,Brown,2002-09-01,Southend-on-Sea,watsonthomas@jones-stuart.biz
526,Martha ,Brown,2002-09-01,Southend-on-Sea,watsonthomas@jones-s.urttbiz
527,Oliver ,Cook,2013-02-08,Coventry,michelemorrow@hreera.com
528,Cook,Oliver ,2013-06-14,Coventry,
529,Oliver ,Cok,2013-03-24,,
530,Oliver ,Cook,2013-03-24,Coventry,michelemorrow@herrera.com
531,Oliver ,Cok,2013-03-24,Coventry,michelemorrow@herrera.com
532,Oliver ,Cook,2013-03-24,Coventry,michelemorrow@herrera.om
533,Oliver ,Cook,2013-03-24,,michelemorrow@herrera.com
534,,Cook,2013-04-09,Coventry,michelemorrow@herrera.com
535,Freddie ,Roberts,2004-10-10,Bolton,bromndonald@wccormick.inf
536,Freddie ,,2004-11-15,Bolton,browndonald@mccormick.info
537,Freddie ,Roberts,2004-11-15,,browndonald@mccormick.info
538,Roberts,Freddie ,2004-11-15,Bolton,brmwndoald@occormick.info
539,Fredie ,Roberts,2004-11-15,Bolton,browndonald@mccormick.info
540,Freddie ,Roberts,2004-11-15,Bolton,browndonald@mccormick.info
541,Freddie ,Roberts,2004-11-15,Bolton,browndonald@mccormick.info
542,Freddie ,Roberts,2004-11-15,Bolton,browndonald@mccormick.info
543,Frddie ,Palmer,2008-11-10,Belfast,ndavis@miller-mccoy.org
544,Freddie ,Pamer,2008-08-10,Blfast,ndavis@miller-mccoy.org
545,Freddie ,Palmer,2008-08-10,Belfast,ndavis@miller-mccoy.org
546,Freddie ,Palmer,2008-08-10,Belfast,ndavis@miller-mccoy.org
547,Palmer,Freddie ,2008-08-10,Belfast,ndavis@miller-mccoy.org
548,,Palmer,2008-08-10,Belfast,ndavis@miller-mccoy.org
549,Palmer,Freddie ,2008-07-16,Belfast,ndavis@miller-mccoy.org
550,Hery ,Owen,2016-05-16,Kingston-upon-Hull,kicolasbutler@jacnson.net
551,,Owen,2016-05-16,Kingston-upon-Hull,nicholasbutler@jackson.net
552,Henry,Owen,2016-05-16,,nicholasbutler@jackson.net
553,Henry,Owen,2016-05-16,Kingston-upon-Hull,nicholasbutlesjack@on.net
554,Henry ,Owen,2016-03-06,Kingston-upon-Hull,nicholasbutler@jackson.net
555,Henry ,Owen,2016-05-16,,nicholasbutler@jackson.net
556,Owen,Henry ,2016-05-16,Kingston-upon-Hull,nicholasbutler@jackson.net
557,Henry ,Owen,2016-05-16,Kingston-upon-Hull,nicobaslutler@jackson.net
558,Zachary ,Namen,1987-04-03,London,jessicapowell@hardin-mcgee.net
559,Zachary ,,1987-04-03,London,jessicapowell@hardin-mcgee.net
560,Zachary ,Nenmw,1987-04-09,London,jessicapowell@hardin-mcgee.net
561,Zachary ,Newman,1987-04-03,London,jessicapowell@hardin-mcgee.net
562,Zachary ,Newman,1987-03-26,,jessicapowell@hardin-mcgee.net
563,Zachary ,Newman,1987-04-03,London,jessicmpowell@hardinacgee.net
564,Zachary ,Newman,1987-04-03,Lndon,jessicapowell@hardin-mcgee.net
565,Newman,Zachary ,1987-04-03,London,jessicapowell@hardin-mcgee.net
566,O ars,Cunningham,1976-08-07,Brighton,douglas53@watkins.info
567,Oscar ,Cunningham,1976-08-07,,douglas53@watkins.info
568,Oscar ,Cunningham,1976-08-07,Brighton,douflas53@watkns.ingo
569,Orcas,Cunningham,1976-08-07,Brighton,douglas53@watkins.info
570,Oscar ,Cunningham,1976-08-07,Brighton,douglas53@watkins.info
571,Oscar ,Cunningham,1976-08-07,Brighton,douglas53@watkins.info
572,Oscar ,Cunningham,1976-05-24,,douglas53@watkins.info
573,Cunningham,Oscar ,1976-08-07,Brighton,douglas53@watkins.info
574,George ,Williams,1981-08-06,London,desek58gibbr.biz
575,George ,Williams,1981-08-06,Lndon,derek58@gibbs.biz
576,George ,Williams,1981-08-06,London,derek58@gibbs.biz
577,Williams,George ,1981-08-06,London,derek58@gibbs.biz
578,Williams,George ,1981-08-06,London,derek58@gibbs.biz
579,oeGrge,Williams,1981-08-06,London,derek58@gibbs.biz
580,Geoger,Williams,1981-07-23,London,derek58@gibbs.biz
581,Eleanor ,Shaw,1979-03-31,Birmingham,stephaniewebbhart.net
582,Shaw,Eleanor ,1979-06-16,Birmingham,stephaniewebb@hart.net
583,,Shaw,1979-03-31,Birmingham,stephaniewebb@hart.net
584,Eleanro,Sha,1979-03-31,Birmingham,
585,Shaw,Eleanor ,1979-03-31,Birmingha,stephaniewebb@hart.net
586,,Shaw,1979-03-31,Birmingham,stephaniewebb@hart.net
587,Eleanor ,Saw,1979-03-31,Birmingham,stephaniewebb@hart.net
588,Eleanor ,Saw,1979-02-04,Birmingham,stephaniewebb@hart.net
589,Eleanor ,Shaw,1979-03-31,Birmingham,stephaniewebb@hart.net
590,Eoealr ,Shaw,1979-03-31,Birmingham,
591,Darcey ,,1977-11-28,Leeds,craigshelton@carpenter.com
592,Maisie ,Fesor,2001-08-30,London,hhill@paul-day.org
593,Maisie ,Foesr,2001-08-30,London,hhill@paul-day.org
594,Foster,Maisie ,2001-07-13,London,hhill@paul-day.org
595,Maisie ,Foster,2001-08-30,Loodn,
596,Maisie ,Foster,2001-05-29,London,hhill@paul-day.org
597,Maisie ,Foster,2001-08-30,London,
598,King,Ryan ,1982-06-22,,cervantesjasmine@cole.net
599,ayn ,King,1982-06-22,oLndn,cervantesjasmine@cole.net
600,King,Ryan ,1982-09-12,London,cervantesjasmie@cole.net
601,King,Ryan ,1982-08-12,London,cervantesjaemin@cols.net
602,Ryan ,King,1982-06-22,Lndno,cervantesjasmtne@coe.nei
603,,Ky,1996-05-13,oeteborPugh,seancollins@dean.com
604,Ivy ,ya,1996-04-18,Peterborough,s.ancllins@deanecom
605,Ivy ,Kay,1996-04-18,Peterborough,seancollins@dean.com
606,Ivy ,Kay,1996-04-18,Peterborough,seancollins@dean.com
607,Iy ,,1996-04-18,Peterborough,seancollins@dean.com
608,Ivy ,Kay,1996-04-18,Peterborough,seancollins@dean.com
609,Ivy ,Kay,1996-04-18,Peterborough,seancollins@dean.com
610,Ivy ,Kay,1996-04-18,Peterborough,
611,Ivy ,Ky,1996-01-13,Peterborough,seancollins@dean.com
612,Caleb ,Kan,2000-10-09,Wirangton,vmoreno@ussell.zib
613,Caleb ,Khan,2000-10-09,Warrington,vmoreno@russell.biz
614,Wright,Jude ,2017-03-28,Belfast,lynnchapman@crawfard-lozon.com
615,Jessica ,Carr,1972-02-07,,wramirez@robinson.com
616,Jessica ,Carr,1972-03-19,London,
617,Je sica,Carr,1972-02-07,,wrrirez@mobinson.com
618,Arthur ,Bolton,1998-03-07,Nottingham,milesnine@floras.iz
619,Bolton,Arthur ,1998-03-07,Nottingham,
620,Arthur ,Bolton,1998-03-07,Nottingham,milesnina@flores.biz
621,Arthur ,Bolton,1998-03-07,Nottingham,milesnina@flores.biz
622,Bolton,Arthur ,1998-02-03,Nottingham,milesnina@flores.biz
623,Arthur ,,1998-03-07,Nottingham,milesnina@flores.biz
624,Arthur ,Bolton,1998-03-07,Nottingham,milesnina@flores.biz
625,Bolton,Arthur ,1998-04-24,Nottingham,milesnina@flores.biz
626,Alfie ,,2015-02-05,London,garci.richard@bradycom
627,Alfie ,Long,2015-02-05,London,garciarichard@brady.com
628,,Long,2015-02-05,London,garciarichard@brady.com
629,Alfie ,,2015-02-05,London,garciarichard@brady.com
630,Alfie ,Lno,2015-04-28,London,garciarichard@brady.com
631,Alfie ,Long,2015-02-05,London,garciarichard@brady.com
632,Noah ,Gibson,1987-05-18,London,avazquez@banks.com
633,Noah ,Gibson,1987-08-16,Ldnon,avazquez@banks.com
634,Noah ,Gibson,1987-08-21,London,avazquez@banks.com
635,Noah ,Gibson,1987-08-21,London,avazquez@banks.com
636,Noa ,Gibson,1987-08-21,London,avazquez@banks.com
637,Noah ,Gibson,1987-07-20,London,avazquec@bnks.zom
638,Noah ,Gibson,1987-08-21,London,avazquez@banks.com
639,Gibson,Noah ,1987-06-12,London,avazquez@banks.com
640,Gibson,Noah ,1987-08-21,London,avazquez@banks.com
641,Gibson,Noah ,1987-08-24,London,avazquez@banks.com
642,Gordon,Olivia ,1993-01-19,London,
643,Oivi a,Gordon,1993-01-19,London,xfuller@roy.biz
644,Daniel ,Palmer,2016-06-14,oodLn,
645,Daniel ,Palmer,2016-05-18,London,
646,Daniel ,Palmer,2016-06-14,London,stewartkevin@gross.com
647,Daniel ,,2016-06-14,London,stewartkevin@gross.com
648,Daneli,Palmer,2016-06-14,London,stewartkevin@gross.com
649,Daniel ,Palme,2016-06-14,Loodn,stewartkevin@gross.com
650,Logan ,Thompson,2009-03-25,Newcastle-upon-Tyne,mike46@contreras.biz
651,Walsh,Ella ,1978-12-04,Milton,
652,Ella ,hlsW,1978-12-04,,orrelaine@fitzgerald-rhodes.com
653,Ella ,Walsh,1978-12-04,,orrelaine@fitzgerald-rhodes.com
654,,Cameron,2018-06-18,Bournemouth,fisherdaniel@smith.com
655,Riley ,Crmaon,2018-09-23,Bournemouth,fisherdaniel@smith.com
656,Cameron,Riley ,2018-06-18,Bournemouth,fisherdaniel@smith.com
657,Riley ,Cameron,2018-09-18,,fsheroaniel@smith.cdm
658,Riley ,Caeron,2018-06-18,Bournemouth,fisherdaniel@smith.com
659,Riley ,Cameron,2018-06-18,Bournemouth,fisherdaniel@smith.com
660,Riley ,,2018-06-18,Bournemouth,fisherdaniel@smith.com
661,eilR ,Cameron,2018-06-18,Bournemouth,fisherdaniel@smith.com
662,,Cameron,2018-06-18,Bournemouth,
663,Riley ,Cameron,2018-06-18,Bournemouth,fisherdaniel@smith.com
664,Ivy ,Taylor,1980-01-13,Lonon,jonesjennmfer@pitt.coi
665,Taylor,Ivy ,1980-01-13,London,
666,Iy ,,1980-01-13,London,jonesjennifer@pitts.com
667,Ivy ,Taylor,1980-01-13,London,jonesjennifer@pitts.com
668,Taylor,Ivy ,1980-01-13,London,jonesjennifer@pitts.com
669,Ivy ,Taylor,1980-01-13,Lodno,jonesjennifer@pitts.com
670,Ivy ,Taylor,1980-03-02,London,jonesjennifer@pitts.com
671,Ivy ,Taylor,1980-01-13,London,
672,Ivy ,Taylor,1980-01-13,noLdo,jonesjennifer@pitts.com
673,Taylor,Ivy ,1980-01-13,London,jonesjennifer@pitts.com
674,Saeni ,Davies,2016-01-10,Plymouth,heather69@martin-bradford.biz
675,Davies,Sienna ,2016-01-10,Plymouth,heathern9@mart6-bradford.biz
676,,Davies,2016-01-10,Plymouth,heather69@martin-bradford.biz
677,Sienna ,,2016-01-10,Plymouth,heather69@martin-bradford.biz
678,Davies,Sienna ,2016-01-10,,heather69@martin-bradford.biz
679,,,2016-01-10,Plymouth,heather69@martin-bradford.biz
680,Sinna ,Davies,2016-01-10,Pymolth,heather69@martin-bradford.biz
681,Sienna ,Daies,2016-01-10,Plymouth,heather69@martin-bradford.biz
682,,Taylor,2014-03-20,London,eaul44@bpntly.com
683,Taylor,Harrison ,2014-03-20,London,paul44@bentley.com
684,Emma ,Dixon,2013-11-25,Stockton-on-Tees,maynardhaley@clark-graves.com
685,Emma ,Dixon,2013-11-25,Stockton-on-Tees,maynardhaley@clark-graves.com
686,Logan ,Nichosno,1999-04-14,Glasgow,longdebra@dixon.com
687,Logan ,oicholsn,1999-06-10,Glasgow,longdebra@dixon.com
688,Nicholson,Logan ,1999-06-09,Glsgow,longdebra@dixon.com
689,Logan ,Nicholson,1999-06-09,Glasgow,longdebra@dixon.com
690,Logan ,Niohclon,1999-05-04,Glasgow,longdebra@dixon.com
691,Logan ,Nicholson,1999-03-31,,longdebra@dixon.com
692,Logan ,Nicholson,1999-04-19,Glasgow,longdebra@dixon.com
693, ganL,Nicholson,1999-06-09,,longdebrm@ixon.coa
694, nleyF,Grant,2003-07-12,Salford,brownsierra@price.com
695,Finley ,,2003-07-12,Salford,brownsierra@price.com
696,Finley ,Gant,2003-07-20,Salford,brownsierra@price.com
697,Finley ,Grant,2003-07-12,Saofrd,
698,Finley ,Grant,2003-07-12,,brownsierra@price.com
699,Finley ,Grant,2003-07-12,Salford,brownsierra@price.com
700,Grant,Finley ,2003-07-12,Salford,brownsierra@price.com
701,Grant,Finley ,2003-09-02,Salford,brownsierra@price.com
702,Bennett,Grace ,2014-08-04,nodoL,hesskayla@carter.com
703,Grace ,nBnett,2014-08-04,London,hasskaylecarter.com
704,Bennett,Grace ,2014-08-04,London,hessaaylk@carte.com
705,Grace ,Bennett,2014-09-06,London,hesskayla@arter.ocm
706,Gace ,Bennett,2014-08-04,oonLn,hesskayla@carter.com
707,Jkc ,Foster,2007-08-12,London,qtran@wheeler-werner.biz
708,Jack ,Foster,2007-08-12,London,qtran@wheeler-werner.biz
709,Jack ,Foster,2007-09-03,London,qtran@wheeler-werner.biz
710,Jack ,Foster,2007-08-12,London,qtranwheeler-werner.biz
711,Jack ,Foster,2007-06-05,London,
712,Ja c,Foster,2007-08-12,London,qtran@wheeler-werner.biz
713,Jack,,2007-08-12,London,qtranwheeler-werner.biz
714,Hughes,Arthur ,1998-08-24,Sheffield,eileenlopez@mcmahon-long.info
715,,Hughes,1998-08-24,Sheffield,eileenlopez@mcmahon-long.info
716,O brien,Edward ,1997-01-10,London,kendrawashington@williams-wallace.biz
717,Eawdrd,O brien,1997-01-10,London,keadrawashington@wlliams-wallnce.biz
718,Edwad ,r bOin,1996-10-19,London,
719,iilWam ,,2000-06-27,,taylor70@fisher.nfo
720,William ,Donnelly,2000-06-27,London,taylor70@fisher.info
721,Sienna ,Taylor,2005-06-04,Liverpool,javierfrederick@kelly.org
722,,,2005-06-04,Liverpool,javierfrederick@kelly.org
723,Taylor,Sienna ,2005-03-13,riveLpol,javierfrederik@kellr.oyg
724,Sienna ,Taylor,2005-06-04,,javierfrederi@kkelly.org
725,Taylor,Sienna ,2005-07-23,Liverpool,javierfrederick@kelly.org
726,Harry ,Lawrence,2016-12-25,Stoke-on-Trent,aarbarpace@mbnning.org
727,Lawrence,Harry ,2016-12-25,Stoke-on-Trent,barbarapace@manning.org
728,Hary ,aLrence,2016-12-11,,barbarapace@manning.org
729,Harry ,Lawrence,2016-12-25,Stoke-on-Trent,barbarapace@manning.org
730,Harry ,Lawrence,2016-12-25,Stoke-on-ernt,barbarapace@manning.org
731,Matthew ,Badyel,2017-12-23,London,amandamartinez@melton.com
732,Matthew ,Bradley,2018-03-18,London,amandamartinez@melton.com
733,Matt ew,,2018-03-18,oondn,amandamartinez@melton.com
734,Matthew ,Bradley,2018-03-18,London,amandamartinez@melton.com
735,Matthew ,Bradley,2018-03-18,London,
736,Noah ,Walker,2019-05-01,Leicester,jonathan52@eaton.org
737,Noah ,Walker,2019-05-01,Leicester,jonohan52@eaton.arg
738,Lottie ,errFst,1986-09-22,Bristol,jesus40@allen-graves.com
739,Lottie ,Forrest,1986-09-22,Bristol,jesus40@allen-graves.com
740,Lottie ,Forrest,1986-09-22,,jesu4e@allen-grav0s.com
741,Lottie ,Forrest,1986-09-22,Briosl,
742,Lottie ,Forrest,1986-09-22,Bristol,jesus40@aelen-gravls.om
743,Lottie ,Forrest,1986-09-22,Bristol,jesus40@allen-gcaves.om
744,Mcha le,Taylor,1993-06-23,Brighton,rhondawilliams@gonzalez-scott.com
745,,Taylor,1993-06-23,Bgihton,rhondawilliams@gonzalez-scott.com
746,,Taylor,1993-06-23,,rhondawilliams@gonzalez-scott.com
747,cMhael ,Taylor,1993-06-23,Brighton,rhondawilliams@gonzalez-scott.com
748,Mcheal ,Taylor,1993-06-23,Brighton,rhondawilliams@gonzalez-scott.com
749,Michael ,Taylor,1993-06-23,Brighton,rhmndawilliams@gnzalez-scott.coo
750,hicMae ,Taylor,1993-06-23,Brighton,rhondawilliams@gonzalez-scott.com
751,Michael ,Taylor,1993-03-29,Brighton,
752,,schardR,1981-05-25,Coventry,stephenwalters@white-wade.com
753,Miller,Abigail ,2001-10-03,Stoke-on-Trent,mark00@mills-carrillo.com
754,,Fletcher,1975-01-15,Colchester,wrightmatthew@young-nelson.com
755,,Robtrs,1982-12-24,Dudley,summerschristina@fischer.info
756,ryeT ,Roberts,1983-04-03,Dudley,summerschristina@fischer.info
757, yleT,Roberts,1983-05-17,Dudley,summerschristina@fischer.info
758,,Roberts,1983-03-21,Dudley,summerschrisnina@fischer.tfo
759,Roberts,Tyler ,1983-04-03,Dudley,summerschristina@fischer.info
760,Mason ,Collins,1975-05-21,Birmingham,christina86@cummings.com
761,Collins,Mason ,1975-05-21,Birmingham,christina86@cummings.com
762,Collins,Mason ,1975-05-21,Birmingham,christina86@cummings.com
763,,Cnllos,1975-05-21,Birmingham,christna86@cummings.com
764,Collins,Mason ,1975-05-21,Birmingham,christina86@cummings.com
765,Mason ,Coilns,1975-05-21,Birmingham,christina86@cummings.com
766,Mason ,,1975-05-21,Birmingham,
767,Emliia,Baxter,1994-11-08,Edinburgh,zacharymartinez@taylor-johnson.com
768,Emilia ,Btxae,1994-11-08,Edinburgh,zacharymartinez@taylor-johnson.com
769,,Baxtr,1994-11-08,Edinburgh,zacharymartinez@taylor-johnson.com
770,Emilia ,Baxter,1994-11-05,idEnbugh,zacharymartinez@taylor-johnson.com
771,Baxter,Emilia ,1994-11-08,Edinburgh,zncharymartinez@taylo-johnsoa.com
772,James ,Hopkins,1986-08-31,Birmingham,david19@willis-bowman.org
773,James ,Hopkins,1986-08-31,,david19@willis-bowman.org
774,James ,Hopkins,1986-08-31,Birmingham,david19@willis-bowman.org
775,James ,Hopkins,1986-08-31,Birmingham,david19@willis-bowman.org
776,,Honkis,1986-08-31,Birmingham,david19@willis-bowman.org
777,Patel,Mohammed ,1989-03-19,Sheffield,
778,Mohammed ,Patel,1989-03-19,Sheffield,heather31@cabrera-reed.com
779,Moha edm,Patel,1989-03-19,Sheffield,heather31@cabrera-reed.com
780,Mohammed ,Patel,1989-03-19,Sheffield,heather31@cabrera-reed.com
781,Moh medm,Patel,1989-03-19,Sheffield,he3ther1@cabrera-reed.com
782,Patel,Mohammed ,1989-02-07,Sheffield,heather31@cabrera-reed.com
783,Mohammed ,Patel,1989-05-06,Sheffield,heather31@cabrera-reed.com
784,Mccarthy,Jasmine ,2002-08-23,Kingston-upon-Hull,
785,,Mccarth,2002-08-23,,william04@martinez.info
786,Mccarthy,Jasmine ,2002-09-08,Kingston-upon-Hull,william04@martinez.info
787,Jasmine ,Mccarthy,2002-08-23,Kingston-upon-Hull,william04@martinez.info
788,Jasmine ,Mccarthy,2002-08-23,Kingston-upon-Hull,william04@martinez.info
789,Ivy ,,1989-03-02,London,
790,Ivy ,Parker,1989-03-02,donLn,
791,Ivy ,Parker,1989-03-02,London,bellsara@davis-fisher.com
792,Aisha ,King,1980-04-24,Telford,
793,Aisha ,King,1980-07-20,,berrylarry@gonzales.biz
794,King,Aisha ,1980-04-24,Telford,berrylary@gonzalesb.iz
795,Aisha ,King,1980-04-24,Telford,berrylarry@gonzales.biz
796,King,Aisha ,1980-04-24,Telford,berrylarry@gonzales.biz
797,King,Aisha ,1980-04-24,Telford,berrylarry@gonzales.biz
798,Aisha ,King,1980-04-24,,berrylarry@gonzales.biz
799,Benjamin ,Kelly,2018-12-20,Loodn,joshua10@werner.com
800,,Kelly,2018-09-12,London,joshua10@werner.com
801,Benjamin ,Kelly,2018-12-20,London,joshua10@werner.com
802,Kelly,Benjamin ,2019-01-24,London,josua10@werher.com
803,Benjamin ,Kelly,2018-12-20,London,joshua10@werner.com
804,Darcy ,Webtsr,1984-02-07,Colchester,katherine96@kim-martinez.com
805,Darcy ,Webster,1984-02-07,Coschelte,iatherine96@kkm-martinez.co
806,Webster,Darcy ,1984-02-07,Colchester,katherine96@kim-martinez.com
807,,Webster,1984-02-07,Colchester,katherine96kit-marminez.com
808,Darcy ,eebsWr,1984-02-07,Colchester,katherine96@kim-martinez.com
809,Darcy ,Webster,1984-02-07,Colchester,
810,Dacy ,,1984-01-17,Colchester,katherine96@kim-martinez.com
811,,rebstW,1984-02-07,Colchester,katherine96@kim-martinez.com
812,Darc ,Webster,1984-02-07,Colchester,katherine96@kim-martinez.com
813,raDc ,Webster,1984-02-07,Colchester,
814,George ,Hill,1984-03-16,Northampton,smithmelinda@christensen-harvey.com
815,George ,Hill,1984-03-23,Northampton,smithmelinda@christensen-harvey.com
816,George ,Hill,1984-03-16,Northampton,sminhmelinda@christtsen-harvey.com
817,George ,Hill,1984-05-07,Northampton,smithmelinda@christensen-harvey.com
818,Geore ,Hli,1984-03-15,Northampton,
819,George ,Hill,1984-03-16,,smithmelinda@christensen-harvey.com
820,George ,Hill,1984-03-16,Northampton,smithmelinda@christensen-harvey.com
821,,Joes,2005-10-25,Lndoo,
822,Jones,Lucas ,2005-10-25,London,jihnsoncrytal@jarvos-mayer.info
823,Lucas ,Jones,2005-10-25,London,johnsoncrystal@jarvis-mayer.info
824,Lucas ,Jones,2005-10-25,London,
825,Alnxader ,Russell,1982-03-24,London,virginiarodriguez@holmes.org
826,Alexander ,Russell,1982-05-26,Londo,virginiarodriguez@holmes.org
827,Russell,Alexander ,1982-03-24,Lndon,virginiarodriguez@holmes.org
828,,Russell,1982-03-24,London,virginiarodriguez@holmes.org
829,Alexander ,Russell,1982-03-24,London,virginiarodriguez@holmes.org
830,Russell,Alexander ,1982-03-24,London,virginiarodriguez@holmes.org
831,Russell,Alexander ,1982-03-24,Lndon,virginiarodriguez@holmes.org
832,Russell,Alexander ,1982-03-24,London,virginiarodriguez@holmes.org
833,Alexander ,Rssell,1982-03-24,,virginiarerigudz@holmes.org
834,Ja k,Kirk,2008-02-17,London,fphillips@young-trner.info
835,Jake ,Kirk,2008-02-17,,fphillips@young-turner.info
836,Jake ,Kirk,2008-02-17,London,fphillips@young-turner.info
837,Thomas,Thea ,1982-09-29,Sheffield,
838,Thea ,Thomas,1982-09-29,Sheffield,jeffreyrogers@hernandez.info
839,Thea ,Thomas,1982-09-29,Shefdief,jeffreyrogers@hernadez.info
840,Thea ,Tamhs,1982-09-29,Sheffield,jeffreyrogers@hernandez.info
841,Thomas,Thea ,1982-09-29,,jeffreyrogers@hernandez.info
842,Thea ,Thomas,1982-09-29,Sheffield,jeffreyrogers@hernandez.info
843,Thea ,Thomas,1982-09-29,Sheffield,jeffreyrogers@hernandez.info
844,T ah,Thomas,1982-09-29,Sheffield,jefreyeogers@hrrnandez.info
845,Thea ,,1982-09-29,Sffhield,jeffreyrogers@hernandez.info
846,Charlie ,Stevenson,1972-03-25,Glasgow,vazquezangela@mahoney-torres.com
847,Mason ,Francis,1975-08-30,liMtn,mccormickjeremy@ramirez.net
848,Mason ,naFcis,1975-06-11,Milton,
849,Mason ,Francis,1975-08-30,Mlton,mccormickjeremy@ramirez.net
850,Francis,Mason ,1975-08-30,,mccormickjeremy@ramirez.net
851,Hrra ,oBn,1979-12-08,noLdo,alexanderthomas@reyes.com
852,Harry ,Bond,1979-12-08,nonoL,alexanderthomas@reyes.com
853,Harry ,Bond,1979-12-08,,alexanderthomas@reyes.com
854,Harry ,Bond,1979-12-08,London,alexanderthomas@reyes.com
855,Bond,Harry ,1980-02-28,London,alexanderthomas@reyes.com
856,H rry,oBn,1979-12-12,London,alexanderthomas@reyes.com
857,Bond,Harry ,1979-12-08,donLn,aeexanderthomas@reylscom
858,Leo ,Jones,1983-08-31,Manchester,
859,,Jones,1983-08-31,Manchester,
860,Le ,,1983-09-23,Manchester,smyers@andersen-lee.com
861,Jones,Leo ,1983-08-31,,smyers@andersen-lee.com
862,Jones,Leo ,1983-08-31,Manchester,
863,,Jones,1983-06-19,,smyers@andersen-lee.com
864,Leo ,Jones,1983-07-01,Manchester,
865,Leo ,,1983-08-31,Mncehster,smyers@andersen-lee.com
866,Leo ,Jones,1983-08-03,Manchester,smyers@andersen-lee.com
867,eabAlla ,Smith,2004-10-25,Leeds,kath0y2r@goodman.com
868,Aabellr ,tmiS,2004-10-25,,kathryn20@goodman.com
869,Arabella ,Smith,2004-12-24,Leeds,kathryn20@goodman.com
870,Arabella ,Smith,2004-10-25,Leeds,kathryn20@goodman.com
871,Harrison ,Cole,2017-09-29,Bristol,sheltonshannon@mendez.com
872,Cole,Harrison ,2017-11-11,Bristol,sheltonshannon@mendez.com
873,Harrison ,Cole,2017-09-16,Bristol,sheltenshannon@mndoz.com
874,Wliiam ,Wood,1994-07-11,Newcastle-upon-Tyne,aprilkelly@french-carlson.com
875,Wood,William ,1994-09-22,Newcastle-upon-Tyne,aprilkelly@french-car.soncom
876,Isabelle ,Carter,2002-05-17,Dudley,caldwellmichell@green.biz
877,Isabelle,Crate,2002-03-18,Dudley,caldwellmichelle@green.biz
878,Ieabsll ,Carter,2002-05-17,,caldwellmichlle@green.biz
879,Leo ,Jones,2019-06-15,Ldnon,tcarr@lewis-kline.com
880,,Jones,2019-06-15,London,tcarr@lewis-kline.com
881,Leo ,Jones,2019-06-15,,tcarr@lewis-kline.com
882,Leo ,Jones,2019-06-15,Lndon,tcarr@lewis-kline.com
883,Leo ,Jones,2019-06-15,London,tcarr@lweis-kine.com
884,Jack ,Perry,1976-02-16,London,lwolfe@walker.net
885,Perry,Jack ,1975-11-15,donLn,
886,Lucas ,Wlliams,1976-10-30,Bristol,kennethingram@butler.com
887,Lucas ,Williams,1976-12-12,Bristol,kennethingram@butler.com
888,Mila ,Hall,2007-10-30,Bimingram,stephanieromero@smith.com
889,Mila ,Hall,2007-11-06,Biminrham,stephanieromero@smith.com
890,Mila ,Hall,2007-10-30,Birmingham,stephanieromero@smith.com
891,Mila ,Hall,2007-10-30,,stephanieromero@smith.com
892,Mila ,Hll,2007-10-30,Bhmingram,stephanieromero@smith.com
893,Hall,Mila ,2007-10-30,Birmingham,stephanieromero@smith.com
894,Mila ,,2007-10-30,Birmingham,stephanieromero@smith.com
895,Mila ,Hll,2007-11-20,Birmingham,tsephaieromero@smith.com
896,Mila ,Hall,2007-10-30,Birmingham,stephanieromero@smith.com
897,Goree ,,1973-03-29,Lodon,lgonzalez@hicks-lewis.com
898,George ,Coo,1973-03-29,,lgonzalez@hicks-lewis.com
899,George ,Cook,1973-03-29,London,lgonzalez@hicks-lewis.com
900,Chloe ,Miller,2018-12-08,,zmartinez@velazquez.com
901,Miller,Chloe ,2018-12-08,,zmartinez@velazquez.com
902,Chloe ,Miller,2018-12-08,London,zmartinez@velazquez.com
903,Chloe ,Mirle,2018-11-18,London,zmartinez@ulazqvez.com
904,Chloe ,Miller,2018-12-08,Londo,zmartinez@velazquez.com
905,rexandeA ,Cooper,2001-11-25,,
906,Alexander ,Cooper,2002-01-18,Newcastln-upn-Tyee,sarah21selmers.col
907,Elizabeth ,Maxwell,1980-07-29,Lede,edwards.atthew@mayermom
908,Elizebat ,,1980-07-29,Leeds,edwdrasmatthew@myer.com
909,Elizabeth ,xawell,1980-07-29,Lsee,
910,Elizabeth ,Maxwell,1980-06-09,Leeds,edwardsmatthew@mayer.com
911,Tyler ,Huhgs,1971-10-26,Leeds,dawn74@mckay.com
912,Ty el,uHghe,1971-10-26,Leeds,dawn74@mckay.com
913,Tyler ,Hughes,1971-10-26,Leeds,
914,Tler ,Hughes,1971-10-26,Leeds,dawn74@mckay.com
915,Tyler ,Hughes,1971-10-26,Leeds,dawn74@mckay.com
916,eyTr ,Hughes,1971-10-26,Leeds,dawn74@mckay.com
917,Hughes,Tyler ,1971-10-26,Leeds,dawn74@mckay.com
918,Evie ,Collns,1988-10-25,Lonod,travis53@enmen.cos
919,Evie ,Collins,1988-12-10,,travis53@jensen.com
920,Collins,Evie ,1988-10-25,Londn,travis53@jensen.com
921,Evie ,noliCs,1988-10-25,London,travis53@jensen.com
922,,Anderson,2003-10-03,Lndon,
923,Anderson,Isabella ,2003-10-03,London,jessicaarellano@myers-palmer.biz
924,Mills,Thomas ,1970-03-09,London,hensondebbie@garcia.com
925,Mills,Thomas ,1970-03-09,London,hensondeobie@garca.cbm
926,Thomas ,Mills,1970-03-09,London,hensondrbbie@gaeia.com
927,Thomas ,Mills,1970-03-09,London,hensondebbie@garcia.com
928,Thomas ,Mills,1970-03-09,London,hensondebbie@garcia.com
929,Thomas ,Mills,1970-03-09,London,hensondebbie@garcia.com
930,ahoTs ,,1970-03-09,,hensondebbie@garcia.com
931,Thomas ,Mills,1970-03-09,London,hensondebbie@garcia.com
932,Thomas ,Mills,1970-03-09,London,
933,George ,Hodgson,1980-12-30,Sheffield,lori88@huynh.biz
934,George ,Hodgson,1980-12-30,Sheffield,lori8y@hu8h.biz
935,Hodgson,George ,1980-12-30,,lori88@huynh.biz
936,George ,Hodgson,1980-12-30,Sheffied,lori88@huynh.biz
937,George ,,1980-12-30,Shefdeli,lori88@huynh.biz
938,George ,Hodgson,1980-10-21,eheffiSl,lori88@huynh.biz
939,George ,Hodgson,1980-10-09,,nori88@huylh.bi
940,George ,Hodson,1980-12-30,,lori88@huynh.biz
941,Oscar ,,1985-03-26,York,carlos74@byrd.com
942,Oscar ,James,1985-03-26,Yro,
943,James,Oscar ,1985-03-26,York,carlos74@byrd.com
944,Oscar ,James,1985-03-26,,carlos74@byrd.com
945,James,Oscar ,1985-03-26,York,carlos74@byrd.com
946,James,Oscar ,1985-03-26,York,carlos74@byrd.com
947,mAeli ,Johnson,1985-05-04,Luton,zlsondanielle@martino.com
948,Amelia ,Johnson,1985-05-04,,olsondanielle@martinez.com
949,Aelia ,Johnson,1985-05-04,Lton,olsondanielle@martinez.com
950,Ameia ,Johnson,1985-05-04,Luton,olsondanielle@martinez.com
951,Ael ai,Johnson,1985-05-04,Luton,oleondanisle@martinez.com
952,Amelia ,Johnson,1985-05-04,Luton,olsondanielle@martinez.com
953,Johnson,Amelia ,1985-05-04,Luton,olsondanielle@martinez.com
954,Amelia ,Jhonso,1985-05-04,Luton,olsodanielle@martinez.com
955,Teddy ,Walker,1996-11-28,Leicester,michelle49@turner.org
956,Teddy ,Walker,1996-08-27,Leicester,
957,Teddy ,Walker,1996-11-05,Leecster,michelle49@turner.org
958,Smith,Gracie ,2016-05-13,London,
959,Gracie ,Smith,2016-01-26,London,christopher02@harper-mille.com
960,Gabriel ,Bartlett,1973-12-09,Wolverhampton,ogomez@robinson-mckinney.com
961,Gabriel ,Bartlett,1973-12-09,Wolvenamptoh,ogomez@robinson-mckinney.com
962,Gabriel ,,1973-12-14,Woterhampvon,ogomez@robinson-mckinney.com
963,Gabriel ,Bartltt,1973-12-09,Wolverhampton,ogomez@robinson-mckinney.com
964,Bartlett,Gabriel ,1973-12-09,Wolverhampton,ogomez@robinson-mckinney.com
965,Gabriel ,Bartlett,1973-10-17,Wolverhampton,
966,Bartlett,Gabriel ,1973-12-09,Wolverhampton,ogomez@rob-nsonimcknney.com
967,Isla ,,2008-05-07,Bolton,susanmoreno@edwards-wallace.com
968,Isla ,Beattie,2008-05-07,Btlon,susanmoreno@edwards-wallace.com
969,Beattie,Isla ,2008-05-07,Bolton,susanmoreno@.dwards-allaceecom
970,Isla ,Beattie,2008-05-07,Blton,susanmoreno@edwards-wallace.com
971,,Taylor,1978-05-09,Ldnon,tiffanyrodriguez@rodriguez-yu.com
972,Reuben ,oaylT,1978-05-09,London,
973,Taylor,Reuben ,1978-05-09,London,tiffanyrodriguez@rodriguez-yu.com
974,Reuben ,Taylor,1978-05-09,Lonno,tiffanyrodrigueu@rodrigzez-u.com
975,Reuben ,Taylor,1978-05-09,Lnndo,tiffanyrodriguez@rodriguez-yu.com
976,Layla ,all,1991-12-29,Newcastle-upon-Tyne,stacykelly@brown.info
977,Layla ,Ball,1992-04-02,Newcastle-upon-Tyne,stacykelly@brown.info
978,,Ball,1992-04-02,Newcastle-upon-Tyne,stacykelly@brown.info
979,Layla ,Ball,1992-07-03,Newcastle-upon-Tyne,stacykelly@brown.info
980,Layla ,Ball,1992-04-02,Newcastle-upon-Tyne,stacykelly@brown.info
981,Layla ,Ball,1992-04-02,Newcastle-upon-Tyne,
982,Ball,Layla ,1992-05-07,Newcastle-upoT-nye,stacykelly@brown.info
983,Ball,Layla ,1992-04-02,Newcastle-upon-Tyne,stacykelly@brown.info
984,Laal ,Ball,1992-04-02,Newcastle-upon-Tyne,stacykelly@brown.info
985,,,1992-04-02,Newcastle-upon-Tyne,stacykelly@brown.info
986,Ellis ,Jones,1997-11-18,London,tammy46@bailey-lee.net
987,Sophia ,Ellis,1981-08-14,Sheffield,danielle24@garcia-jones.net
988,Sophia ,Ellis,1981-08-14,Sheffield,danielle24@garcia-jones.net
989,Sophia ,Ellis,1981-10-17,Shefield,danielle24@garia-jonee.nst
990,Sophi ,Ellis,1981-10-21,Sheffield,danielle24@garcia-jones.net
991,liL ,Young,1995-09-05,London,wesleykidd@miller.com
992,ily ,Young,1995-09-05,London,wesleykidd@miller.com
993,,Young,1995-11-09,London,weslcykidd@miler.eom
994,Lily ,Ynuo,1995-09-05,London,
995,Young,Lily ,1995-11-13,London,wesleykidd@miller.com
996,Lily ,,1995-09-05,London,wesleykidd@miller.com
997,,Young,1995-11-03,London,wesleykidd@miller.com
998,,King,2015-09-21,London,christopherpierce@hoffman-ross.biz
999,olly ,King,2015-09-21,Lnndo,christopherpierce@hoffman-ross.biz
